compound,flashPoint,Predicted,Status,nF,RDCHI,MATS1m,Mor02p,RTv,smiles,id
Trichlorosilane,-28.149999999999977,-13.279999999999974,Training,0,1.225,0.995,5.5420000000000025,2.201,Cl[SiH](Cl)Cl,molid1
Dichlorosilane,-37.14999999999998,-36.39999999999998,Training,0,1.155,0.968,4.916,1.4140000000000001,Cl[SiH2]Cl,molid2
Methyltrichlorosilane,2.8500000000000227,7.28000000000003,Training,0,1.265,0.991,7.817,3.625,C[Si](Cl)(Cl)Cl,molid3
Dichloromethylmethyldichlorosilane,27.850000000000023,44.88,Training,0,1.5090000000000001,0.998,9.327,5.303999999999999,ClC(Cl)[Si](Cl)(Cl)C,molid5
Ethyltrichlorosilane,21.850000000000023,25.700000000000053,Training,0,1.43,0.982,9.191,4.479,C(C)[Si](Cl)(Cl)Cl,molid6
Dimethyldichlorosilane,-16.149999999999974,-2.1200000000000045,Training,0,1.265,0.955,9.47,3.6010000000000004,C[Si](Cl)(Cl)C,molid7
Dimethylchlorosilane,-28.149999999999977,-29.659999999999968,Training,0,1.225,0.907,9.216000000000001,2.85,C[SiH](Cl)C,molid8
"1,1,1-Trifluoropropyltrichlorosilane",14.850000000000026,15.800000000000011,Training,3,1.902,1.0,9.195,4.989,FC(C(C)[Si](Cl)(Cl)Cl)(F)F,molid9
Allyltrichlorosilane,30.850000000000023,37.78000000000004,Training,0,1.604,0.983,8.936,4.663,C(C=C)[Si](Cl)(Cl)Cl,molid10
Methylvinyldichlorosilane,-1.1499999999999773,19.460000000000036,Training,0,1.577,0.953,9.173,4.02,CC=C[SiH](Cl)Cl,molid11
3-Chloropropyltrichlorosilane,83.85000000000002,59.32000000000005,Training,0,1.774,0.99,9.681000000000001,5.3770000000000024,ClCCC[Si](Cl)(Cl)Cl,molid12
Bromomethyldimethylchlorosilane,40.85000000000002,21.370000000000005,Training,0,1.43,0.9640000000000001,10.163,4.474,BrC[Si](Cl)(C)C,molid13
Chloromethyldimethylchlorosilane,21.850000000000023,12.32000000000005,Training,0,1.43,0.943,10.904000000000002,4.163,ClC[Si](Cl)(C)C,molid14
Trimethylbromosilane,-3.1499999999999773,-2.1200000000000045,Training,0,1.265,0.94,10.720999999999998,3.855,C[Si](Br)(C)C,molid15
Trimethylchlorosilane,-18.149999999999977,-18.179999999999982,Training,0,1.265,0.902,11.112,3.512,C[Si](Cl)(C)C,molid16
Trimethoxysilane,-9.149999999999975,-1.6999999999999886,Training,0,1.6980000000000002,0.889,6.979,3.886,CO[SiH](OC)OC,molid17
Trimethylsilane,-69.14999999999998,-56.51999999999998,Training,0,1.225,0.818,11.003,2.903,C[SiH](C)C,molid18
Cyanoethylmethyldichlorosilane,59.850000000000016,49.69,Training,0,1.774,0.961,10.609000000000002,5.2410000000000005,C(#N)CC[Si](Cl)(Cl)C,molid19
Allylmethyldichlorosilane,26.850000000000023,25.950000000000053,Training,0,1.604,0.95,10.335999999999999,4.357,C(C=C)C[SiH](Cl)Cl,molid20
t-Butyltrichlorosilane,20.850000000000023,44.93000000000001,Training,0,1.5490000000000002,0.9640000000000001,12.039000000000001,5.68,C(C)(C)(C)[Si](Cl)(Cl)Cl,molid22
Isobutyltrichlorosilane,36.85000000000002,47.49000000000001,Training,0,1.689,0.9640000000000001,9.97,5.541,C(C(C)C)[Si](Cl)(Cl)Cl,molid23
n-Butyltrichlorosilane,53.850000000000016,49.36000000000002,Training,0,1.774,0.9640000000000001,10.876,5.056,C(CCC)[Si](Cl)(Cl)Cl,molid24
n-Propylmethyldichlorosilane,26.850000000000023,23.76000000000005,Training,0,1.604,0.937,11.038,4.4430000000000005,C(CC)[Si](Cl)(Cl)C,molid25
Bromomethyltrimethylsilane,15.850000000000026,7.110000000000013,Training,0,1.43,0.925,11.56,4.136,BrC[Si](C)(C)C,molid26
Ethyldimethylchlorosilane,-4.149999999999976,-1.9399999999999973,Training,0,1.43,0.897,12.052,4.109,C(C)[Si](Cl)(C)C,molid27
"1,3-Dichlorotetramethyldisiloxane",14.850000000000026,26.74000000000001,Training,0,1.733,0.925,7.44,5.113,Cl[Si](O[Si](Cl)(C)C)(C)C,molid28
Dimethyldimethoxysilane,-8.149999999999977,-9.089999999999977,Training,0,1.575,0.872,10.448,3.7560000000000002,C[Si](OC)(OC)C,molid29
Methyltrimethoxysilane,10.850000000000025,2.1200000000000045,Training,0,1.703,0.887,8.039,4.079,C[Si](OC)(OC)OC,molid30
Tetramethoxysilane,20.850000000000023,12.410000000000027,Training,0,1.8159999999999998,0.899,6.665,4.293,CO[Si](OC)(OC)OC,molid31
Tetramethylsilane,-28.149999999999977,-43.74999999999997,Training,0,1.265,0.8270000000000001,12.759,3.248,C[Si](C)(C)C,molid32
"(N,N-Dimethylamino)dimethylsilane",-13.149999999999974,-24.329999999999984,Training,0,1.475,0.838,11.039000000000001,3.887,CN(C)[SiH](C)C,molid33
"1,1,3,3-Tetramethyldisiloxane",-22.149999999999977,-15.039999999999964,Training,0,1.6540000000000001,0.843,9.054,3.986,C[SiH](O[SiH](C)C)C,molid34
Tetramethyldisilazane,10.850000000000025,-11.609999999999955,Training,0,1.6540000000000001,0.833,11.558,4.152,CN([Si](C)(C)C)[SiH3],molid35
Cyclopentyltrichlorosilane,76.85000000000002,75.35000000000002,Training,0,1.9509999999999998,0.9670000000000001,11.845999999999998,6.245,C1(CCCC1)[Si](Cl)(Cl)Cl,molid36
Trimethylsilyltrifluoroacetate,-0.14999999999997726,-6.71999999999997,Training,3,1.946,0.943,10.363,4.258,C[Si](C)(C)OC(C(F)(F)F)=O,molid37
Cyclopentyldichlorosilane,42.85000000000002,57.68000000000001,Training,0,1.9269999999999998,0.941,12.123,5.505,C1(CCCC1)[SiH](Cl)Cl,molid38
Allyldimethylchlorosilane,4.850000000000024,14.720000000000026,Training,0,1.604,0.9059999999999999,11.347999999999999,4.553999999999999,C(C=C)[Si](Cl)(C)C,molid39
3-Chloro-2-methylpropylmethyldichlorosilane,89.85000000000002,59.170000000000016,Training,0,1.8330000000000002,0.955,10.388,6.059,ClCC(C[Si](Cl)(Cl)C)C,molid40
n-Butylmethyldichlorosilane,29.850000000000023,39.710000000000036,Training,0,1.774,0.93,12.087,5.029,C(CCC)[Si](Cl)(Cl)C,molid41
Methylvinyldimethoxysilane,3.850000000000023,10.340000000000034,Training,0,1.851,0.882,9.261000000000001,3.948,CC=C[SiH](OC)OC,molid42
Trimethylvinylsilane,-34.149999999999984,-21.399999999999977,Training,0,1.43,0.847,12.504000000000001,3.8310000000000004,CC(=C(C)C)[SiH3],molid43
Diethylmethylchlorosilane,14.850000000000026,16.890000000000047,Training,0,1.575,0.892,12.556,5.1560000000000015,C(C)[Si](Cl)(C)CC,molid44
Chloromethyldimethylethoxysilane,25.850000000000023,20.80000000000001,Training,0,1.7369999999999999,0.9009999999999999,10.78,4.66,ClC[Si](OCC)(C)C,molid45
Ethyltrimethoxysilane,26.850000000000023,13.050000000000011,Training,0,1.8159999999999998,0.884,8.193,4.553,C(C)[Si](OC)(OC)OC,molid46
"(N,N-Dimethylamino)trimethylsilane",-19.149999999999977,-13.549999999999955,Training,0,1.5090000000000001,0.8420000000000001,12.222000000000001,4.357,CN(C)[Si](C)(C)C,molid47
Pentamethyldisiloxane,-19.149999999999977,-4.949999999999988,Training,0,1.689,0.846,9.142999999999999,4.636,C[SiH](O[Si](C)(C)C)C,molid49
Phenyldichlorosilane,59.850000000000016,57.73000000000002,Training,0,2.048,0.968,10.44,4.25,C1(=CC=CC=C1)[SiH](Cl)Cl,molid50
Phenylsilane,7.850000000000023,10.590000000000034,Training,0,1.857,0.888,10.629000000000001,3.464,C1(=CC=CC=C1)[SiH3],molid51
1-Hexenyltrichlorosilane,59.850000000000016,78.83000000000004,Training,0,2.097,0.9590000000000001,14.956,5.396,C(=CCCCC)[Si](Cl)(Cl)Cl,molid52
Bis(chloromethyl)tetramethyldisiloxane,72.85000000000002,50.23000000000002,Training,0,1.9780000000000002,0.914,7.995,6.228,ClC[Si](O[Si](C)(C)C)(C)CCl,molid53
N-Methyl-N-trimethylsilyltrifluoroacetamide,24.850000000000023,0.5,Training,3,1.984,0.93,11.321,4.979,CN(C(C(F)(F)F)=O)[Si](C)(C)C,molid54
Propargyloxytrimethylsilane,26.850000000000023,14.25,Training,0,1.774,0.88,11.468,4.388999999999999,C(C#C)O[Si](C)(C)C,molid55
Dimethyldiacetoxysilane,36.85000000000002,40.99000000000001,Training,0,2.042,0.915,9.177999999999999,4.709,C[Si](OC(C)=O)(OC(C)=O)C,molid56
Divinyldimethylsilane,7.850000000000023,-3.3100000000000023,Training,0,1.575,0.863,12.152000000000001,4.273,C(=C)[Si](C)(C)C=C,molid57
n-Hexyltrichlorosilane,84.85000000000002,79.21000000000005,Training,0,2.097,0.9490000000000001,15.863,5.5870000000000015,C(CCCCC)[Si](Cl)(Cl)Cl,molid58
Vinyldimethylethoxysilane,3.850000000000023,6.680000000000009,Training,0,1.7369999999999999,0.866,11.214,4.394,C(=C)[Si](OCC)(C)C,molid59
"1,1-Dimethyl-1-sila-2-oxacyclohexane",13.850000000000026,25.44,Training,0,1.876,0.8640000000000001,13.936,4.925,C[Si]1(OCCCC1)C,molid60
Allyloxytrimethylsilane,-0.14999999999997726,10.390000000000043,Training,0,1.774,0.866,11.982999999999999,4.386,C(C=C)O[Si](C)(C)C,molid61
Acetoxymethyltrimethylsilane,19.850000000000023,22.820000000000054,Training,0,1.858,0.882,11.699000000000002,4.619,C(C)(=O)OC[Si](C)(C)C,molid62
Allyltrimethylsilane,6.850000000000023,-4.229999999999961,Training,0,1.604,0.848,13.008,4.352,C(C=C)[Si](C)(C)C,molid63
Triethylchlorosilane,29.850000000000023,22.450000000000053,Training,0,1.703,0.888,12.665,5.072,C(C)[Si](Cl)(CC)CC,molid64
t-Butyldimethylchlorosilane,21.850000000000023,20.090000000000032,Training,0,1.5490000000000002,0.888,14.179,5.421,C(C)(C)(C)[Si](Cl)(C)C,molid65
3-Chloropropyltrimethoxysilane,74.85000000000002,50.890000000000036,Training,0,2.1,0.9129999999999999,10.162,5.1979999999999995,ClCCC[Si](OC)(OC)OC,molid66
Trimethyl-n-propoxysilane,9.850000000000025,7.480000000000018,Training,0,1.774,0.853,12.509,4.438,C[Si](OCCC)(C)C,molid67
t-Butyldimethylsilanol,44.850000000000016,3.5200000000000387,Training,0,1.5490000000000002,0.852,14.717,4.933,C(C)(C)(C)[Si](O)(C)C,molid68
Dimethyldiethoxysilane,10.850000000000025,15.840000000000035,Training,0,1.8869999999999998,0.8690000000000001,8.448,4.869,C[Si](OCC)(OCC)C,molid69
Triethylsilane,-3.1499999999999773,-4.819999999999993,Training,0,1.6980000000000002,0.83,13.052,4.355,C(C)[SiH](CC)CC,molid70
Hexylsilane,11.850000000000026,-0.9099999999999682,Training,0,1.84,0.825,14.878,3.725,C(CCCCC)[SiH3],molid71
t-Butyldimethylsilane,-22.149999999999977,-7.67999999999995,Training,0,1.5090000000000001,0.83,14.789000000000001,4.811,C(C)(C)(C)[SiH](C)C,molid72
Hexamethylcyclotrisiloxane,31.850000000000023,30.220000000000034,Training,0,2.068,0.875,3.909,5.92,C[Si]1(O[Si](O[Si](O1)(C)C)(C)C)C,molid74
Hexamethyldisilthiane,25.850000000000023,16.370000000000005,Training,0,1.733,0.862,10.57,5.608,C[Si](S[Si](C)(C)C)(C)C,molid75
Hexamethyldisilane,-1.1499999999999773,-9.21999999999997,Training,0,1.5490000000000002,0.8340000000000001,10.32,5.192,C[Si]([Si](C)(C)C)(C)C,molid76
Tris(dimethylamino)silane,24.850000000000023,17.620000000000005,Training,0,1.8869999999999998,0.855,8.334,5.5310000000000015,CN(C)[SiH](N(C)C)N(C)C,molid77
Hexamethyltrisiloxane,19.850000000000023,24.68000000000001,Training,0,2.042,0.855,5.9979999999999976,5.791,C[Si](O[SiH2]O[Si](C)(C)C)(C)C,molid78
Phenylmethyldichlorosilane,81.85000000000002,84.01000000000005,Training,0,2.2030000000000003,0.955,11.59,6.093999999999999,C1(=CC=CC=C1)C[SiH](Cl)Cl,molid79
Phenylmethylchlorosilane,81.85000000000002,57.08000000000004,Training,0,2.048,0.93,11.776,5.1960000000000015,C1(=CC=CC=C1)C[SiH2]Cl,molid80
Trivinylmethylsilane,14.850000000000026,12.290000000000019,Training,0,1.703,0.8759999999999999,11.769,4.678999999999999,C(=C)C(C=C)(C=C)[SiH3],molid81
"1-(Trimethylsiloxy)-1,3-butadiene",24.850000000000023,28.77000000000004,Training,0,1.9380000000000002,0.877,13.834000000000001,4.476,C[Si](OC=CC=C)(C)C,molid83
n-Hexylmethyldichlorosilane,84.85000000000002,68.35000000000002,Training,0,2.097,0.919,17.436,5.2379999999999995,C(CCCCC)[Si](Cl)(Cl)C,molid85
Vinylmethyldiethoxysilane,15.850000000000026,28.890000000000054,Training,0,1.992,0.878,8.322000000000001,5.245,C(=C)C[SiH](OCC)OCC,molid86
Vinyldiethylmethylsilane,14.850000000000026,8.520000000000039,Training,0,1.703,0.848,13.193,4.973,C(=C)[Si](C)(CC)CC,molid87
N-(Trimethylsilyl)morpholine,26.850000000000023,40.09000000000003,Training,0,2.072,0.867,11.690999999999999,5.56,C[Si](N1CCOCC1)(C)C,molid88
Bis(trimethylsilyl)carbodiimide,41.85000000000002,61.43000000000001,Training,0,2.063,0.867,25.353,4.935,C[Si](C)(C)N=C=N[Si](C)(C)C,molid89
t-Butoxytrimethylsilane,13.850000000000026,10.790000000000019,Training,0,1.733,0.853,10.645,5.36,C(C)(C)(C)O[Si](C)(C)C,molid90
Vinylpentamethyldisiloxane,11.850000000000026,19.650000000000034,Training,0,1.859,0.858,9.821,5.4879999999999995,C(=C)[Si](O[Si](C)(C)C)(C)C,molid91
Isobutyltrimethoxysilane,41.85000000000002,36.76000000000005,Training,0,2.028,0.879,10.517000000000001,5.3229999999999995,C(C(C)C)[Si](OC)(OC)OC,molid92
Methyltriethoxysilane,23.850000000000023,37.53000000000004,Training,0,2.122,0.879,8.897,5.185,C[Si](OCC)(OCC)OCC,molid93
(Diethylamino)trimethylsilane,9.850000000000025,12.640000000000045,Training,0,1.787,0.8440000000000001,10.758,5.5089999999999995,C(C)N(CC)[Si](C)(C)C,molid94
Phenylethyldichlorosilane,91.85000000000002,84.54000000000002,Training,0,2.18,0.9520000000000001,12.975999999999999,6.1,C1(=CC=CC=C1)CC[SiH](Cl)Cl,molid96
Phenyldimethylchlorosilane,60.850000000000016,62.98000000000002,Training,0,2.072,0.924,12.600999999999999,5.662000000000001,C1(=CC=CC=C1)[Si](Cl)(C)C,molid97
"(N,N-Dimethylamino)triethylsilane",25.850000000000023,24.879999999999995,Training,0,1.8719999999999999,0.8440000000000001,11.298,6.091,CN(C)[Si](CC)(CC)CC,molid98
Tetravinylsilane,17.850000000000023,28.470000000000034,Training,0,1.8159999999999998,0.8859999999999999,11.231,5.359,C(=C)[Si](C=C)(C=C)C=C,molid99
Phenyldimethylsilane,37.85000000000002,41.07000000000005,Training,0,2.048,0.883,13.15,4.9639999999999995,C1(=CC=CC=C1)[SiH](C)C,molid100
Ethyltriacetoxysilane,103.85000000000002,76.17000000000002,Training,0,2.4019999999999997,0.929,8.033,5.79,C(C)[Si](OC(C)=O)(OC(C)=O)OC(C)=O,molid101
Cyclopentadienyltrimethylsilane,28.850000000000023,38.900000000000034,Training,0,1.9509999999999998,0.871,13.654000000000002,5.61,C1(C=CC=C1)[Si](C)(C)C,molid102
3-(Trimethylsilyl)cyclopentene,25.850000000000023,35.37999999999999,Training,0,1.9509999999999998,0.858,14.113,5.617000000000001,C[Si](C1C=CCC1)(C)C,molid103
"(2,4-Pentadienyl)trimethylsilane",17.850000000000023,30.56,Training,0,1.9380000000000002,0.861,15.655999999999999,4.8210000000000015,C(C=CC=C)[Si](C)(C)C,molid104
n-Octyltrichlorosilane,95.85000000000002,100.0,Training,0,2.4,0.938,18.648,5.6679999999999975,C(CCCCCCC)[Si](Cl)(Cl)Cl,molid105
n-Heptylmethyldichlorosilane,65.85000000000002,79.49000000000002,Training,0,2.25,0.914,18.925,5.306,C(CCCCCC)[Si](Cl)(Cl)C,molid106
Triethylacetoxysilane,40.85000000000002,40.12000000000001,Training,0,2.028,0.877,10.012,5.813,C(C)C(C(=O)O[SiH3])(CC)CC,molid107
Vinyltriethoxysilane,33.850000000000016,46.390000000000036,Training,0,2.206,0.8859999999999999,6.7620000000000005,5.746,C(=C)[Si](OCC)(OCC)OCC,molid108
Vinyltriethylsilane,24.850000000000023,21.530000000000033,Training,0,1.8159999999999998,0.848,12.735999999999999,5.6679999999999975,C(=C)[Si](CC)(CC)CC,molid109
Tetraethoxysilane,49.850000000000016,55.12000000000001,Training,0,2.32,0.8859999999999999,8.575,5.5729999999999995,C(C)O[Si](OCC)(OCC)OCC,molid111
Tetraethylsilane,25.850000000000023,17.230000000000018,Training,0,1.8159999999999998,0.836,12.179,5.769,C(C)[Si](CC)(CC)CC,molid112
n-Octylsilane,35.85000000000002,30.43000000000001,Training,0,2.15,0.83,18.175,4.138999999999999,C(CCCCCCC)[SiH3],molid113
Aminoethylaminopropyltrimethoxysilane,95.85000000000002,76.20000000000005,Training,0,2.536,0.882,15.630999999999998,5.091,NCCNCCC[Si](OC)(OC)OC,molid114
Octamethyltrisiloxane,29.850000000000023,42.54000000000002,Training,0,2.129,0.856,7.213999999999999,6.732,C[Si](O[Si](O[Si](C)(C)C)(C)C)(C)C,molid115
Octamethylcyclotetrasiloxane,56.850000000000016,51.74000000000001,Training,0,2.3680000000000003,0.875,-1.516,7.355,C[Si]1(O[Si](O[Si](O[Si](O1)(C)C)(C)C)(C)C)C,molid116
Tetrakisdimethylsiloxysilane,66.85000000000002,97.65000000000003,Training,0,2.5639999999999996,0.863,15.703,7.6110000000000015,C[SiH](O[Si](O[SiH](C)C)(O[SiH](C)C)O[SiH](C)C)C,molid118
Methylphenyldimethoxysilane,75.85000000000002,78.24000000000002,Training,0,2.432,0.899,12.190999999999999,5.995,C[Si](OC)(OC)C1=CC=CC=C1,molid120
Phenyltrimethoxysilane,84.85000000000002,72.78000000000003,Training,0,2.355,0.91,11.615,5.6560000000000015,C1(=CC=CC=C1)[Si](OC)(OC)OC,molid121
Trimethylphenylsilane,39.85000000000002,48.140000000000036,Training,0,2.072,0.8809999999999999,13.65,5.472,C[Si](C1=CC=CC=C1)(C)C,molid122
Cyclohexylmethyldimethoxysilane,69.85000000000002,64.90000000000003,Training,0,2.273,0.872,12.069,6.551,C1(CCCCC1)C[SiH](OC)OC,molid124
3-Glycidoxypropyltrimethoxysilane,109.85000000000002,101.68,Training,0,2.821,0.898,15.33,5.434,C(C1CO1)OCCC[Si](OC)(OC)OC,molid125
Di-t-butylmethylchlorosilane,68.85000000000002,47.31,Training,0,1.794,0.88,13.618,7.015,C(C)(C)(C)[Si](Cl)(C)C(C)(C)C,molid126
Triisopropylsilane,36.85000000000002,29.120000000000005,Training,0,1.8869999999999998,0.836,13.335999999999999,6.274,C(C)(C)[SiH](C(C)C)C(C)C,molid128
Tri-n-propylsilane,42.85000000000002,38.03000000000004,Training,0,2.13,0.836,15.632,5.287000000000001,C(CC)[SiH](CCC)CCC,molid129
1-Chlorononamethyltetrasiloxane,73.85000000000002,84.96000000000005,Training,0,2.487,0.884,6.773,7.907999999999999,Cl[Si](O[Si](O[Si](O[Si](C)(C)C)(C)C)(C)C)(C)C,molid131
Propyltris(dimethylsiloxy)silane,49.850000000000016,73.96000000000005,Training,0,2.504,0.8590000000000001,7.216,7.5070000000000014,C(CC)[Si](O[SiH](C)C)(O[SiH](C)C)O[SiH](C)C,molid132
Benzyltrimethylsilane,61.850000000000016,65.98000000000002,Training,0,2.235,0.878,15.368,6.0120000000000005,C(C1=CC=CC=C1)[Si](C)(C)C,molid133
n-Octyldimethylchlorosilane,96.85000000000002,80.27000000000005,Training,0,2.4,0.878,21.374000000000002,5.246,C(CCCCCCC)[Si](Cl)(C)C,molid135
Bis(diethylamino)dimethylsilane,34.850000000000016,47.69,Training,0,2.185,0.851,4.188,7.6770000000000005,C(C)N(CC)[Si](C)(C)N(CC)CC,molid136
Decamethyltetrasiloxane,61.850000000000016,78.65000000000003,Training,0,2.487,0.861,8.105,7.809,C[Si](O[Si](O[Si](O[Si](C)(C)C)(C)C)(C)C)(C)C,molid137
Decamethylcyclopentasiloxane,76.85000000000002,70.62,Training,0,2.648,0.875,-8.998,9.061,C[Si]1(O[Si](O[Si](O[Si](O[Si](O1)(C)C)(C)C)(C)C)(C)C)C,molid138
"2-(3,4-epoxycyclohexyl)ethyltrimethoxysilane",145.85000000000005,122.45000000000003,Training,0,2.8689999999999998,0.892,19.118,6.598,C1(CC2C(CC1)O2)CC[Si](OC)(OC)OC,molid139
n-Decylmethyldichlorosilane,119.85000000000002,114.01000000000003,Training,0,2.6889999999999996,0.904,23.50800000000001,5.537000000000001,C(CCCCCCCCC)[Si](Cl)(Cl)C,molid140
Vinyltriethylsilane,44.850000000000016,21.56,Training,0,1.8159999999999998,0.848,12.747,5.669,C(=C)[Si](CC)(CC)CC,molid141
Phenyltriethoxysilane,119.85000000000002,99.66000000000004,Training,0,2.6689999999999996,0.9,9.548,7.191,C1(=CC=CC=C1)[Si](OCC)(OCC)OCC,molid142
Diphenylsilane,97.85000000000002,102.44,Training,0,2.6919999999999997,0.9109999999999999,16.987000000000002,5.476,C1(=CC=CC=C1)[SiH2]C1=CC=CC=C1,molid143
Tetramethyltetravinylcyclotetrasilane,111.85000000000002,93.63,Training,0,2.7,0.892,-1.215,8.85,C[Si]1([Si]([Si]([Si]1(C=C)C)(C=C)C)(C=C)C)C=C,molid144
n-Dodecyltrichlorosilane,161.85000000000005,144.39000000000004,Training,0,2.966,0.922,26.123,5.747000000000001,C(CCCCCCCCCCC)[Si](Cl)(Cl)Cl,molid145
Hexaethyldisiloxane,75.85000000000002,72.06,Training,0,2.352,0.8490000000000001,10.013,7.968,C(C)[Si](O[Si](CC)(CC)CC)(CC)CC,molid146
Dodecamethylpentasiloxane,78.85000000000002,96.33000000000004,Training,0,2.822,0.863,4.16,8.315,C[Si](O[Si](O[Si](O[Si](O[Si](C)(C)C)(C)C)(C)C)(C)C)(C)C,molid147
Dodecamethylcyclohexasiloxane,92.85000000000002,89.58000000000004,Training,0,2.929,0.875,-12.899000000000001,10.056000000000001,C[Si]1(O[Si](O[Si](O[Si](O[Si](O[Si](O1)(C)C)(C)C)(C)C)(C)C)(C)C)C,molid148
Methyldiphenylchlorosilane,137.85000000000002,129.23000000000002,Training,0,2.6910000000000003,0.934,15.499,7.574,C[Si](Cl)(C1=CC=CC=C1)C1=CC=CC=C1,molid149
n-Dodecylmethyldichlorosilane,142.85000000000005,137.36,Training,0,2.966,0.898,27.561999999999998,5.591,C(CCCCCCCCCCC)[Si](Cl)(Cl)C,molid150
Octyltriethoxysilane,99.85000000000002,112.52000000000004,Training,0,2.9760000000000004,0.8690000000000001,17.846,6.062,C(CCCCCCC)[Si](OCC)(OCC)OCC,molid152
Tetradecamethylhexasiloxane,101.85000000000002,112.48000000000002,Training,0,3.14,0.865,1.239,8.568,C[Si](O[Si](O[Si](O[Si](O[Si](O[Si](C)(C)C)(C)C)(C)C)(C)C)(C)C)(C)C,molid153
n-Octadecyltrichlorosilane,192.85,202.70000000000005,Training,0,3.748,0.9079999999999999,33.812,5.8210000000000015,C(CCCCCCCCCCCCCCCCC)[Si](Cl)(Cl)Cl,molid154
Octadecamethyloctasiloxane,143.85000000000005,142.97000000000003,Training,0,3.74,0.868,-3.725,8.962,C[Si](O[Si](O[Si](O[Si](O[Si](O[Si](O[Si](O[Si](C)(C)C)(C)C)(C)C)(C)C)(C)C)(C)C)(C)C)(C)C,molid155
Vinyltrichlorosilane,20.850000000000023,23.81,Test,0,1.43,0.993,7.987999999999999,4.168,C(=C)[Si](Cl)(Cl)Cl,molid156
Ethylsilane,-60.149999999999984,-78.53999999999995,Test,0,1.155,0.8,8.567,2.28,C(C)[SiH3],molid157
n-Propyltrichlorosilane,36.85000000000002,37.49000000000001,Test,0,1.604,0.972,9.75,4.842,C(CC)[Si](Cl)(Cl)Cl,molid158
Dimethylvinylchlorosilane,-5.149999999999976,-0.75,Test,0,1.43,0.912,10.975,3.935,CC(=C[SiH2]Cl)C,molid160
Trimethylsilylisothiocyanate,34.850000000000016,9.230000000000018,Test,0,1.604,0.915,9.64,4.066,C[Si](C)(C)N=C=S,molid161
Methoxytrimethylsilane,-30.149999999999977,-23.859999999999985,Test,0,1.43,0.853,11.3,3.634,CO[Si](C)(C)C,molid162
Diethylsilane,-20.149999999999977,-35.599999999999966,Test,0,1.5090000000000001,0.82,11.979000000000001,3.03,C(C)[SiH2]CC,molid163
Tetraisocyanatosilane,49.850000000000016,71.23000000000002,Test,0,2.32,0.988,4.89,4.431,N(=C=O)[Si](N=C=O)(N=C=O)N=C=O,molid164
sec-Amyltrichlorosilane,29.850000000000023,58.43000000000001,Test,0,1.817,0.956,11.384,5.847,C(C)(CCC)[Si](Cl)(Cl)Cl,molid165
Ethoxytrimethylsilane,-27.149999999999977,-9.489999999999954,Test,0,1.604,0.853,10.97,4.086,C(C)O[Si](C)(C)C,molid167
Phenyltrichlorosilane,90.85000000000002,84.81,Test,0,2.072,0.9890000000000001,10.32,6.029,C1(=CC=CC=C1)[Si](Cl)(Cl)Cl,molid168
Cyclohexyltrichlorosilane,84.85000000000002,89.56,Test,0,2.072,0.9590000000000001,12.036,7.148,C1(CCCCC1)[Si](Cl)(Cl)Cl,molid169
1-Trimethylsilylpropyne,-3.1499999999999773,-7.569999999999991,Test,0,1.604,0.863,11.424000000000001,3.844,C[Si](C#CC)(C)C,molid170
Hexyldichlorosilane,63.850000000000016,59.73000000000002,Test,0,2.0669999999999997,0.9229999999999999,15.654000000000002,4.803999999999999,C(CCCCC)[SiH](Cl)Cl,molid171
3-Chloropropylmethyldimethoxysilane,44.850000000000016,44.47000000000003,Test,0,2.006,0.9059999999999999,11.027000000000001,5.181,ClCCC[Si](OC)(OC)C,molid173
n-Propyltrimethoxysilane,24.850000000000023,25.49000000000001,Test,0,1.955,0.8809999999999999,9.726,4.749,C(CC)[Si](OC)(OC)OC,molid174
Hexamethyldisiloxane,-3.1499999999999773,3.3100000000000023,Test,0,1.733,0.848,8.984,5.142,C[Si](O[Si](C)(C)C)(C)C,molid175
Hexamethyldisilazane,7.850000000000023,8.340000000000032,Test,0,1.733,0.84,11.429,5.405,C[Si](N[Si](C)(C)C)(C)C,molid176
Methyltriacetoxysilane,84.85000000000002,68.23000000000002,Test,0,2.329,0.9329999999999999,8.076,5.3020000000000005,C[Si](OC(C)=O)(OC(C)=O)OC(C)=O,molid177
n-Heptyltrichlorosilane,63.850000000000016,90.52000000000004,Test,0,2.25,0.943,17.493,5.676,C(CCCCCC)[Si](Cl)(Cl)Cl,molid178
(1-Methoxy-2-propoxy)trimethylsilane,19.850000000000023,29.25,Test,0,1.985,0.867,11.606,5.034,COCC(C)O[Si](C)(C)C,molid179
Heptamethyldisilazane,26.850000000000023,16.340000000000032,Test,0,1.775,0.841,11.078,5.968999999999999,C[Si](N([Si](C)(C)C)C)(C)C,molid180
Vinyltriacetoxysilane,87.85000000000002,77.52000000000005,Test,0,2.4019999999999997,0.937,7.497000000000001,5.757999999999999,C(=C)[Si](OC(C)=O)(OC(C)=O)OC(C)=O,molid181
(Cyclopentenyloxy)trimethylsilane,37.85000000000002,45.12000000000001,Test,0,2.119,0.873,13.152999999999999,5.282,C1(=CCCC1)O[Si](C)(C)C,molid182
Tetramethyldivinyldisiloxane,18.850000000000023,32.53000000000004,Test,0,1.969,0.867,9.186,5.921,C[Si](O[Si](C=C)(C=C)C)(C)C,molid183
Tetramethyldiethoxysiloxane,37.85000000000002,46.26000000000005,Test,0,2.248,0.87,5.2810000000000015,6.3260000000000005,CC(C(O[Si]([O])OCC)(C)C)C,molid185
Tri-n-propylchlorosilane,75.85000000000002,56.88,Test,0,2.122,0.88,14.339,5.921,C(CC)[Si](Cl)(CCC)CCC,molid186
Tristrimethylsiloxymethylsilane,62.850000000000016,77.88,Test,0,2.4459999999999997,0.86,8.003,8.023,C[Si](OC(O[Si](C)(C)C)(O[Si](C)(C)C)[SiH3])(C)C,molid189
Diphenyldichlorosilane,141.85000000000005,138.58000000000004,Test,0,2.6910000000000003,0.961,14.979000000000001,7.669,C1(=CC=CC=C1)[Si](Cl)(Cl)C1=CC=CC=C1,molid190
Tetra-n-propoxysilane,94.85000000000002,112.91000000000004,Test,0,2.793,0.879,19.678,6.441,C(CC)O[Si](OCCC)(OCCC)OCCC,molid191
Diphenylmethylsilane,119.85000000000002,117.92000000000002,Test,0,2.701,0.907,15.379000000000001,7.362999999999999,C1(=CC=CC=C1)C(C1=CC=CC=C1)[SiH3],molid192
Hexadecamethylheptasiloxane,132.85000000000002,129.74,Test,0,3.445,0.867,-0.424,8.75,C[Si](O[Si](O[Si](O[Si](O[Si](O[Si](O[Si](C)(C)C)(C)C)(C)C)(C)C)(C)C)(C)C)(C)C,molid193
